ID,I1,I2,I3,I4,I5,I6,I7,I8,I9,I10,LAST,OUTPUT
1,1,1,0,0,0,0,1,1,1,1,1,1
2,0,1,0,1,0,0,1,0,0,1,1,0
3,1,0,1,1,1,1,0,0,1,0,1,1
4,1,0,1,0,0,1,1,0,1,1,1,1
5,1,0,1,0,1,0,1,0,0,0,1,0
6,1,1,0,0,1,0,0,1,0,1,1,1
7,0,0,1,1,1,1,1,1,0,1,1,1
8,0,1,1,0,0,1,0,1,1,0,1,1
9,0,0,1,0,0,0,0,1,0,0,1,0
10,0,1,0,1,0,0,1,0,0,0,1,0
11,0,0,1,1,0,0,1,1,0,0,1,0
12,1,0,1,0,1,1,1,0,1,1,1,1
13,0,1,0,1,0,1,0,0,0,0,1,0
14,0,1,0,0,0,0,1,1,0,0,1,0
15,1,1,0,1,0,1,1,1,0,0,1,1
16,1,1,1,0,0,0,1,0,0,1,1,1
17,1,0,0,1,0,0,0,1,1,1,1,1
18,1,1,1,1,0,0,0,0,1,0,1,1
19,1,1,0,1,1,1,1,0,1,1,1,1
20,1,1,0,0,1,0,1,1,0,1,1,1
21,0,1,1,0,0,1,0,0,0,0,1,0
22,1,1,0,1,0,0,1,0,0,0,1,0
23,1,1,0,1,1,0,0,1,0,0,1,1
24,0,1,0,1,1,1,1,1,0,1,1,1
25,1,0,0,0,0,0,1,1,0,0,1,0
26,1,1,0,1,0,1,0,1,1,0,1,1
27,1,0,0,0,0,1,1,1,0,1,1,1
28,1,1,0,1,0,1,1,1,0,1,1,1
29,0,0,0,1,0,1,0,1,1,0,1,0
30,0,0,0,0,1,1,0,1,0,1,1,0
31,0,1,0,1,1,1,0,1,1,1,1,1
32,1,0,0,1,0,0,1,0,0,1,1,0
33,1,1,1,0,0,1,0,0,0,1,1,1
34,0,0,1,1,1,0,1,1,1,0,1,1
35,1,1,1,1,1,1,1,1,0,1,1,1
36,0,0,1,0,1,1,0,0,0,1,1,0
37,0,1,1,1,1,1,1,0,0,0,1,1
38,1,1,0,0,0,0,1,1,0,0,1,0
39,1,0,1,0,0,1,0,1,1,1,1,1
40,0,1,1,1,0,0,1,0,0,0,1,0
41,0,1,0,1,1,1,0,1,1,0,1,1
42,1,0,0,1,1,1,0,0,1,1,1,1
43,0,1,0,0,1,1,0,0,1,1,1,1
44,1,0,0,0,1,0,0,0,1,1,1,0
45,1,1,1,1,0,1,0,0,0,0,1,1
46,1,0,0,0,0,0,0,0,0,1,1,0
47,0,0,1,1,1,1,0,0,0,1,1,1
48,1,0,1,0,0,1,0,0,0,0,1,0
49,0,0,1,0,1,0,1,1,0,0,1,0
50,1,1,0,1,1,1,1,1,0,1,1,1
51,1,1,1,0,1,0,1,1,1,0,1,1
52,0,1,1,0,1,1,0,0,0,0,1,0
53,1,1,1,0,0,0,1,1,1,0,1,1
54,0,0,0,1,0,1,1,0,1,1,1,1
55,0,1,0,0,0,0,1,1,1,0,1,0
56,1,0,1,0,1,0,0,1,0,0,1,0
57,1,0,0,1,1,0,1,1,0,1,1,1
58,0,0,1,0,1,0,0,1,0,1,1,0
59,0,0,1,0,0,0,0,0,1,0,1,0
60,1,0,1,0,1,1,0,1,0,0,1,1
61,0,1,1,1,0,1,0,0,0,0,1,0
62,0,0,0,1,1,1,0,1,1,1,1,1
63,0,0,1,1,1,0,0,1,1,0,1,1
64,0,0,1,1,1,0,0,0,0,1,1,0
65,0,1,0,1,1,1,1,0,1,1,1,1
66,0,1,1,0,0,1,1,0,1,1,1,1
67,0,0,1,1,0,1,0,1,0,0,1,0
68,1,1,1,1,1,1,0,1,0,0,1,1
69,1,1,1,1,0,1,0,0,0,1,1,1
70,1,1,0,0,1,1,0,1,1,0,1,1
71,1,0,0,1,0,0,0,1,1,0,1,0
72,1,0,1,0,0,1,1,1,0,0,1,1
73,1,1,0,0,1,1,1,0,0,0,1,1
74,1,0,1,1,1,0,1,0,1,0,1,1
75,1,1,0,1,1,0,0,1,1,1,1,1
76,1,1,1,1,1,0,0,1,1,0,1,1
77,1,0,1,1,0,0,0,0,0,1,1,0
78,1,0,1,1,1,1,1,1,1,1,1,1
79,0,1,1,0,1,0,0,1,0,0,1,0
80,1,0,1,0,1,1,1,1,0,0,1,1
81,1,0,1,1,1,0,1,0,0,1,1,1
82,1,0,0,0,0,1,1,0,1,1,1,1
83,0,1,1,0,0,1,1,1,0,1,1,1
84,1,1,0,1,0,0,1,1,0,0,1,1
85,1,0,1,1,1,1,0,1,0,0,1,1
86,0,0,0,0,0,0,0,1,1,0,1,0
87,0,0,0,1,1,0,0,1,1,1,1,1
88,0,0,1,0,1,0,1,0,0,1,1,0
89,0,0,1,1,1,1,1,1,1,0,1,1
90,0,0,1,0,0,1,0,1,1,1,1,1
91,0,1,1,1,0,0,0,1,1,0,1,1
92,1,1,1,0,1,1,1,1,0,1,1,1
93,0,1,1,0,1,1,1,0,1,1,1,1
94,0,1,0,1,0,1,1,0,1,0,1,1
95,1,1,0,0,0,1,0,0,0,1,1,0
96,0,0,1,1,1,1,0,1,0,0,1,1
97,1,0,1,0,0,1,0,0,0,1,1,0
98,0,0,1,0,0,1,0,1,0,0,1,0
99,0,1,1,0,0,0,1,0,0,1,1,0
100,1,1,1,0,0,1,0,1,0,1,1,1
101,1,0,1,1,0,1,0,1,1,1,1,1
102,1,1,1,1,1,1,1,1,1,1,1,1
103,1,0,0,1,1,1,0,1,1,1,1,1
104,1,0,0,0,1,1,1,0,0,1,1,1
105,1,0,0,1,1,0,0,0,1,1,1,1
106,0,1,1,0,0,0,0,1,0,1,1,0
107,1,0,0,0,1,0,0,1,0,0,1,0
108,1,0,1,1,0,0,0,0,0,0,1,0
109,1,1,1,0,1,1,0,1,0,1,1,1
110,1,0,0,1,1,0,1,1,0,0,1,1
111,0,1,1,0,1,0,0,0,0,0,1,0
112,0,1,1,0,0,0,1,0,1,1,1,1
113,1,1,1,0,1,1,0,1,1,1,1,1
114,1,1,0,0,1,1,1,0,1,0,1,1
115,0,1,1,1,1,1,0,0,1,1,1,1
116,1,1,1,0,0,1,1,0,0,0,1,1
117,1,1,1,1,0,0,0,1,1,1,1,1
118,0,1,1,1,1,0,0,0,0,1,1,1
119,0,1,1,1,1,0,1,1,0,0,1,1
120,1,1,1,0,0,1,0,0,1,1,1,1
121,0,0,1,0,0,1,0,1,1,0,1,0
122,0,0,0,0,0,1,0,1,0,0,1,0
123,0,1,1,0,1,1,1,1,1,0,1,1
124,1,0,0,0,1,1,1,1,1,0,1,1
125,1,1,1,1,0,1,0,1,1,1,1,1
126,0,1,0,0,0,1,1,0,0,0,1,0
127,0,0,1,0,1,1,1,0,1,1,1,1
128,0,0,0,1,0,1,1,1,1,0,1,1
129,0,0,0,0,0,0,0,0,1,0,1,0
130,0,1,0,0,1,0,0,0,1,0,1,0
131,1,0,1,1,0,1,0,0,0,1,1,1
132,1,1,0,1,1,0,0,0,0,1,1,1
133,1,0,0,1,0,0,1,1,1,0,1,1
134,0,1,1,0,0,1,0,1,0,1,1,1
135,1,1,1,0,0,1,0,1,1,0,1,1
136,0,1,1,1,1,1,1,1,1,0,1,1
137,1,0,0,1,1,0,1,0,0,0,1,0
138,0,1,0,0,1,0,1,0,0,0,1,0
139,1,0,0,1,1,1,1,1,0,0,1,1
140,1,1,1,0,1,0,1,1,0,0,1,1
141,0,1,0,0,1,0,1,1,0,0,1,0
142,0,0,1,0,0,0,0,0,0,1,1,0
143,0,0,1,0,0,1,1,1,0,1,1,1
144,0,0,0,1,0,1,1,1,0,0,1,0
145,1,1,0,0,0,0,0,1,0,1,1,0
146,1,1,1,1,1,0,1,0,0,1,1,1
147,1,0,0,0,1,0,0,0,0,0,1,0
148,0,0,1,1,0,1,0,0,1,0,1,0
149,0,1,1,1,1,1,1,0,0,1,1,1
150,0,1,1,1,1,1,1,1,0,0,1,1
151,0,0,1,1,1,1,1,0,1,0,1,1
152,0,0,1,1,0,0,0,1,1,0,1,0
153,1,0,0,1,0,1,0,1,1,1,1,1
154,0,1,0,1,1,0,0,0,0,1,1,0
155,0,0,0,0,1,1,1,1,1,0,1,1
156,1,0,0,1,1,1,0,0,1,0,1,1
157,0,1,0,1,1,0,1,0,0,1,1,1
158,1,0,0,1,0,1,1,1,0,1,1,1
159,1,1,0,0,0,1,0,0,0,0,1,0
160,0,1,1,0,1,0,0,0,1,0,1,0
161,0,1,1,0,0,1,1,1,0,0,1,1
162,1,0,1,1,0,0,1,0,0,1,1,1
163,0,0,1,1,0,0,1,0,1,0,1,0
164,1,0,0,1,0,0,0,1,0,0,1,0
165,1,1,0,0,1,1,1,0,1,1,1,1
166,0,1,1,1,0,1,0,1,0,1,1,1
167,0,0,1,0,0,0,0,1,0,1,1,0
168,1,0,0,1,0,1,0,1,1,0,1,1
169,0,0,0,1,1,1,1,1,0,1,1,1
170,1,1,0,1,1,1,0,1,1,1,1,1
171,0,0,0,1,0,1,1,0,0,1,1,0
172,1,1,1,0,0,1,1,1,0,0,1,1
173,0,1,0,0,0,1,1,0,1,0,1,0
174,0,1,0,0,0,0,1,0,0,0,1,0
175,0,1,1,0,1,1,0,0,0,1,1,1
176,1,0,0,1,0,1,1,1,1,0,1,1
177,0,0,1,1,1,0,1,1,0,1,1,1
178,1,0,0,0,1,0,0,1,1,1,1,1
179,1,1,0,1,1,0,0,1,0,1,1,1
180,1,1,1,1,0,0,1,0,0,1,1,1
181,0,0,1,1,1,1,0,0,1,1,1,1
182,1,1,0,0,1,0,1,1,1,0,1,1
183,1,0,0,1,0,1,0,1,0,0,1,0
184,1,1,1,0,1,0,1,0,1,1,1,1
185,1,0,1,0,1,1,0,1,1,0,1,1
186,1,1,1,1,1,0,1,0,1,0,1,1
187,1,0,0,0,1,1,0,1,1,1,1,1
188,1,0,0,0,0,0,1,1,1,1,1,1
189,1,0,0,0,0,1,1,1,1,0,1,1
190,0,1,1,0,0,1,0,1,0,0,1,0
191,1,1,0,1,0,0,1,0,1,0,1,1
192,1,0,1,0,0,0,0,0,0,0,1,0
193,1,0,0,0,1,1,1,1,0,0,1,1
194,0,0,0,1,0,1,0,0,0,0,1,0
195,1,1,0,0,0,1,1,1,1,1,1,1
196,0,0,1,0,1,0,1,1,0,1,1,1
197,1,0,1,0,1,1,0,0,0,0,1,0
198,1,1,1,0,0,0,0,1,1,1,1,1
199,1,0,0,0,0,1,1,0,0,0,1,0
200,0,0,0,1,0,0,1,1,0,0,1,0
201,1,1,1,0,0,0,0,0,1,1,1,1
202,1,1,0,0,0,0,1,0,0,0,1,0
203,1,0,1,1,1,1,1,0,0,0,1,1
204,1,0,1,1,0,1,1,0,1,0,1,1
205,1,1,1,0,0,1,1,1,1,0,1,1
206,1,0,1,1,1,1,0,1,1,0,1,1
207,1,0,0,1,1,0,1,1,1,1,1,1
208,1,1,1,1,1,1,1,0,1,1,1,1
209,0,1,0,0,0,1,1,0,1,1,1,1
210,0,0,0,0,1,0,1,1,1,0,1,0
211,1,1,0,1,0,0,0,1,1,1,1,1
212,0,0,1,1,1,1,0,1,1,0,1,1
213,0,0,1,1,0,1,0,0,1,1,1,1
214,1,1,1,1,0,1,0,0,1,1,1,1
215,1,1,1,0,1,0,1,1,0,1,1,1
216,1,1,1,0,0,0,1,1,1,1,1,1
217,1,0,1,0,1,0,0,1,1,0,1,1
218,1,1,0,0,0,0,0,1,1,0,1,0
219,0,1,0,1,1,1,1,1,1,1,1,1
220,0,1,0,1,0,0,0,0,0,0,1,0
221,0,0,0,0,0,1,1,1,0,1,1,0
222,1,0,1,0,0,1,0,1,0,0,1,0
223,1,0,1,0,1,0,0,1,1,1,1,1
224,1,0,0,1,0,1,1,0,1,1,1,1
225,1,1,1,1,1,1,0,0,0,1,1,1
226,1,0,1,1,1,1,0,0,0,0,1,1
227,0,0,0,0,1,1,0,0,1,1,1,0
228,0,1,1,0,1,0,1,1,1,0,1,1
229,0,1,1,0,0,0,0,0,1,1,1,0
230,0,1,1,1,0,1,0,1,1,0,1,1
231,1,0,0,0,1,1,0,0,0,0,1,0
232,0,0,1,0,0,1,1,0,1,0,1,0
233,1,1,0,0,0,1,1,1,1,0,1,1
234,0,1,0,1,1,1,1,1,0,0,1,1
235,1,1,0,1,0,0,0,1,0,1,1,1
236,0,1,0,1,0,1,1,1,0,0,1,1
237,0,0,0,0,0,1,0,1,0,1,1,0
238,0,1,0,1,0,1,1,1,0,1,1,1
239,0,1,0,1,1,0,1,0,1,0,1,1
240,1,0,1,0,1,1,0,1,0,1,1,1
241,0,1,1,0,0,0,1,1,1,1,1,1
242,0,0,0,0,0,0,1,1,0,1,1,0
243,0,1,0,0,1,1,0,0,1,0,1,0
244,1,0,0,0,0,0,0,1,1,0,1,0
245,1,0,0,1,1,0,0,1,1,1,1,1
246,0,1,0,1,0,0,1,0,1,1,1,1
247,1,0,1,0,0,0,1,0,1,1,1,1
248,0,0,1,0,1,1,0,1,0,1,1,1
249,0,1,0,0,0,1,1,1,0,1,1,1
250,1,0,0,0,1,0,1,0,0,0,1,0
251,1,0,0,0,1,1,0,0,0,1,1,0
252,0,0,0,1,1,0,0,0,0,0,1,0
253,0,0,0,0,1,0,1,1,1,1,1,1
254,0,0,1,1,1,0,1,0,0,1,1,1
255,1,1,1,1,0,1,0,0,1,0,1,1
256,0,1,1,0,0,1,1,0,0,1,1,1
257,1,1,1,0,1,1,1,0,0,1,1,1
258,1,0,1,0,0,1,1,1,0,1,1,1
259,0,0,0,0,0,0,0,1,0,1,1,0
260,1,0,0,1,1,0,0,1,0,0,1,0
261,1,1,1,1,0,0,1,0,0,0,1,1
262,1,0,1,1,0,1,0,0,1,1,1,1
263,0,0,1,1,1,1,1,1,1,1,1,1
264,0,1,1,0,0,0,1,1,0,1,1,1
265,1,1,1,0,0,1,1,0,0,1,1,1
266,0,0,1,0,0,0,1,1,1,0,1,0
267,1,1,0,0,1,0,0,0,0,0,1,0
268,0,1,1,1,1,0,1,0,0,1,1,1
269,1,1,0,1,0,0,0,1,1,0,1,1
270,1,0,0,1,1,1,1,0,0,1,1,1
271,0,0,0,1,1,1,1,0,1,1,1,1
272,0,1,1,1,0,1,1,0,1,0,1,1
273,0,1,1,0,1,1,1,0,0,1,1,1
274,1,0,1,0,1,0,1,0,0,1,1,1
275,0,0,0,0,1,1,0,0,0,0,1,0
276,1,0,0,0,0,0,0,1,0,1,1,0
277,1,1,1,0,0,0,0,1,0,1,1,1
278,0,0,0,0,1,1,0,1,1,1,1,1
279,1,0,0,0,0,0,1,1,1,0,1,0
280,0,0,0,1,1,0,0,1,0,0,1,0
281,0,0,1,1,0,0,1,0,0,0,1,0
282,0,0,1,0,1,1,0,0,1,1,1,1
283,1,1,1,0,1,1,0,1,1,0,1,1
284,1,0,0,1,1,0,1,0,0,1,1,1
285,1,1,0,0,1,0,1,1,1,1,1,1
286,0,1,0,1,1,0,0,1,1,1,1,1
287,1,0,0,1,1,1,1,0,1,0,1,1
288,1,1,1,1,0,1,1,0,0,1,1,1
289,0,0,0,1,0,1,0,0,1,0,1,0
290,1,1,1,0,1,0,0,0,1,0,1,1
291,0,0,0,0,0,1,1,1,0,0,1,0
292,0,0,1,0,1,0,1,1,1,1,1,1
293,0,1,1,0,1,0,0,0,1,1,1,1
294,0,1,1,1,1,0,0,1,1,0,1,1
295,0,0,0,0,1,0,0,0,0,1,1,0
296,0,1,1,0,0,1,0,0,1,1,1,1
297,1,0,1,1,0,1,1,0,1,1,1,1
298,0,1,1,1,0,0,0,1,0,0,1,0
299,0,0,0,0,1,0,0,1,0,0,1,0
300,0,0,1,1,1,0,1,1,1,1,1,1
301,1,0,1,1,1,0,0,1,0,0,1,1
302,0,0,1,0,1,1,1,1,1,0,1,1
303,1,1,1,1,0,0,1,1,1,1,1,1
304,0,0,0,1,0,0,1,0,0,0,1,0
305,1,1,1,0,0,0,0,1,1,0,1,1
306,0,1,1,1,0,0,1,1,1,0,1,1
307,0,1,1,1,1,1,0,1,1,1,1,1
308,0,0,0,1,1,0,1,0,1,1,1,1
309,1,1,0,1,0,0,0,0,1,0,1,0
310,1,0,1,0,0,0,1,1,1,0,1,1
311,0,0,1,1,1,1,0,1,0,1,1,1
312,0,1,1,1,1,1,0,0,1,0,1,1
313,0,0,1,1,0,0,0,1,0,0,1,0
314,0,1,0,1,1,1,0,0,1,1,1,1
315,0,0,1,1,1,0,0,0,1,1,1,1
316,1,1,1,1,0,0,0,0,0,0,1,0
317,0,0,1,0,0,0,0,0,1,1,1,0
318,0,0,1,1,0,1,1,1,1,0,1,1
319,0,1,1,0,1,1,0,1,0,0,1,1
320,0,1,0,1,1,1,0,0,1,0,1,1
321,0,1,1,1,1,1,1,1,0,1,1,1
322,0,1,1,1,0,1,1,0,0,0,1,1
323,0,0,1,1,0,0,0,0,1,0,1,0
324,1,1,0,0,0,1,0,1,1,0,1,1
325,1,1,1,1,0,1,1,1,0,0,1,1
326,1,1,1,1,0,1,1,0,0,0,1,1
327,1,1,0,0,0,0,1,1,0,1,1,1
328,0,1,1,0,1,1,0,1,1,1,1,1
329,1,0,0,1,0,1,0,0,1,0,1,0
330,0,0,0,1,0,0,0,1,1,0,1,0
331,1,0,1,0,1,1,1,1,0,1,1,1
332,0,1,1,0,1,1,0,0,1,1,1,1
333,1,0,1,1,1,0,1,1,1,0,1,1
334,0,0,0,1,1,0,0,0,1,1,1,0
335,0,0,0,0,0,0,0,1,1,1,1,0
336,0,1,0,1,0,1,1,1,1,0,1,1
337,1,1,1,0,0,1,1,0,1,1,1,1
338,0,1,1,0,0,1,0,0,1,0,1,0
339,1,1,0,0,1,1,0,0,1,0,1,1
340,0,1,0,1,1,0,1,1,1,1,1,1
341,1,0,1,1,1,0,1,0,1,1,1,1
342,1,1,0,1,1,1,0,0,1,0,1,1
343,0,1,1,0,0,1,1,1,1,0,1,1
344,1,0,1,0,0,1,0,1,0,1,1,1
345,1,0,1,0,1,1,1,1,1,0,1,1
346,1,0,0,0,1,0,1,1,0,1,1,1
347,0,0,0,0,0,0,0,0,1,1,1,0
348,1,0,0,0,0,1,0,0,1,1,1,0
349,1,1,0,0,1,0,0,0,0,1,1,0
350,0,0,0,1,0,0,1,1,0,1,1,0
351,1,1,1,0,1,0,1,1,1,1,1,1
352,1,1,0,1,0,0,1,0,1,1,1,1
353,0,0,0,1,1,0,0,1,0,1,1,0
354,0,0,0,0,1,0,0,0,1,1,1,0
355,1,0,1,1,1,0,1,1,1,1,1,1
356,0,1,1,0,0,0,0,0,0,0,1,0
357,0,1,1,0,0,0,0,1,1,1,1,1
358,1,1,0,0,1,0,1,1,0,0,1,1
359,0,1,0,0,1,1,0,1,0,0,1,0
360,0,1,1,1,1,0,0,1,0,1,1,1
361,1,0,0,0,0,1,1,1,1,1,1,1
362,0,1,1,0,1,1,1,1,0,1,1,1
363,0,1,0,1,0,1,0,1,0,0,1,0
364,0,0,0,1,0,1,0,0,0,1,1,0
365,1,0,0,0,0,0,1,0,1,1,1,0
366,0,0,1,0,1,1,1,1,1,1,1,1
367,1,1,1,1,0,0,1,0,1,0,1,1
368,0,0,0,1,0,0,0,0,0,0,1,0
369,0,1,0,1,0,0,0,0,0,1,1,0
370,0,1,0,1,0,1,0,0,0,1,1,0
371,1,0,0,1,0,0,1,0,1,0,1,0
372,0,1,0,0,0,0,0,1,0,0,1,0
373,0,1,0,0,0,0,1,0,1,1,1,0
374,1,1,1,0,0,0,1,1,0,1,1,1
375,1,0,1,0,0,0,1,1,0,1,1,1
376,1,0,0,1,0,0,0,1,0,1,1,0
377,1,1,1,1,0,1,1,1,1,1,1,1
378,1,1,0,1,1,1,0,1,0,0,1,1
379,0,0,0,0,1,1,1,0,0,0,1,0
380,0,1,1,0,1,0,1,1,0,1,1,1
381,1,0,1,0,1,1,0,0,1,0,1,1
382,1,0,0,1,0,0,0,0,0,0,1,0
383,1,1,1,1,0,1,0,1,0,1,1,1
384,0,1,1,1,0,1,1,1,1,1,1,1
385,1,1,1,0,1,0,1,0,1,0,1,1
386,1,0,0,1,0,0,0,0,1,1,1,0
387,0,0,0,0,0,0,0,0,0,1,1,0
388,0,0,1,1,0,1,1,0,0,1,1,1
389,0,1,1,1,1,0,0,0,1,0,1,1
390,1,1,1,0,0,0,0,0,1,0,1,0
391,0,1,1,0,1,1,1,0,0,0,1,1
392,0,0,1,1,0,0,1,0,1,1,1,1
393,1,1,0,1,0,0,0,0,0,0,1,0
394,0,0,1,0,1,1,1,0,0,1,1,1
395,1,0,0,0,0,1,0,0,1,0,1,0
396,0,1,0,1,0,0,1,1,1,1,1,1
397,1,1,1,0,1,0,0,1,0,0,1,1
398,1,1,1,0,0,0,1,0,1,1,1,1
399,0,0,1,0,0,1,1,0,0,0,1,0
400,1,0,1,1,1,1,1,1,0,1,1,1
401,1,1,0,0,0,1,1,0,0,0,1,0
402,0,0,1,0,1,0,1,0,1,0,1,0
403,1,0,1,1,0,1,0,0,1,0,1,1
404,0,1,1,1,0,1,1,0,1,1,1,1
405,0,0,1,1,0,1,1,1,1,1,1,1
406,1,0,1,1,1,1,1,0,1,0,1,1
407,1,0,1,1,1,0,1,1,0,0,1,1
408,0,0,1,1,1,1,1,0,1,1,1,1
409,1,1,1,0,1,0,0,0,0,0,1,0
410,0,1,1,0,0,0,1,0,1,0,1,0
411,0,0,1,1,0,0,0,1,1,1,1,1
412,0,0,1,1,1,1,1,0,0,1,1,1
413,1,1,0,0,0,1,1,0,1,0,1,1
414,0,1,1,1,1,0,0,0,0,0,1,0
415,0,1,0,1,0,1,0,1,1,0,1,1
416,0,0,0,0,0,1,1,0,1,1,1,0
417,1,0,0,0,0,0,0,0,0,0,1,0
418,1,0,0,0,0,1,1,1,0,0,1,0
419,1,1,1,0,0,1,0,0,0,0,1,0
420,1,0,1,0,0,1,0,0,1,1,1,1
421,0,1,0,0,1,1,0,1,1,0,1,1
422,1,0,0,1,1,1,0,1,1,0,1,1
423,1,1,0,1,0,0,1,0,0,1,1,1
424,1,0,0,0,1,1,0,1,1,0,1,1
425,0,1,0,0,1,0,1,1,1,1,1,1
426,0,1,0,1,0,0,0,0,1,1,1,0
427,0,0,0,0,0,1,0,0,0,0,1,0
428,1,0,0,1,0,0,0,0,0,1,1,0
429,1,1,0,1,1,0,0,0,1,0,1,1
430,0,1,0,1,0,1,0,1,0,1,1,1
431,1,0,0,0,1,0,0,1,1,0,1,0
432,1,0,1,1,0,0,0,1,1,0,1,1
433,0,1,0,1,0,1,1,0,0,0,1,0
434,0,0,1,1,0,1,1,1,0,0,1,1
435,0,1,1,0,1,1,0,1,0,1,1,1
436,1,1,1,0,1,0,1,0,0,1,1,1
437,1,0,1,1,1,0,1,0,0,0,1,1
438,0,1,0,0,1,0,1,0,1,0,1,0
439,0,1,0,1,1,1,1,0,0,0,1,1
440,0,0,1,0,1,1,1,1,0,1,1,1
441,0,0,0,1,1,1,1,0,0,0,1,0
442,1,1,1,1,1,0,0,0,1,1,1,1
443,0,1,0,0,1,1,0,0,0,1,1,0
444,0,1,1,1,0,0,1,0,1,1,1,1
445,0,0,0,1,1,0,1,1,1,1,1,1
446,1,1,0,1,0,1,0,0,0,1,1,1
447,0,0,0,1,1,0,0,0,0,1,1,0
448,0,1,0,0,1,0,1,1,1,0,1,1
449,0,0,0,1,1,1,1,1,0,0,1,1
450,1,0,1,0,1,1,0,1,1,1,1,1
451,1,1,0,1,0,0,1,1,1,0,1,1
452,0,0,1,0,0,0,1,1,0,1,1,0
453,0,1,1,1,1,0,0,1,1,1,1,1
454,1,1,0,0,0,0,1,0,0,1,1,0
455,1,1,0,1,1,1,0,0,1,1,1,1
456,1,0,1,1,1,1,0,0,0,1,1,1
457,0,0,0,1,1,1,0,1,0,0,1,0
458,1,0,1,1,0,1,1,1,0,0,1,1
459,0,0,0,0,0,1,0,1,1,0,1,0
460,0,0,1,1,0,0,1,1,1,1,1,1
461,1,0,1,0,1,1,0,0,1,1,1,1
462,0,1,1,0,0,1,0,0,0,1,1,0
463,1,1,1,1,1,0,0,0,0,0,1,1
464,0,0,1,0,1,1,1,0,0,0,1,0
465,0,1,0,1,0,0,1,1,0,0,1,0
466,1,0,0,1,1,1,1,0,1,1,1,1
467,0,0,1,0,0,1,0,0,1,1,1,0
468,0,0,1,0,0,1,1,1,0,0,1,0
469,0,1,0,0,1,0,0,0,0,0,1,0
470,1,0,0,1,0,1,1,1,1,1,1,1
471,1,0,1,0,0,1,1,1,1,1,1,1
472,0,1,1,0,1,1,1,1,1,1,1,1
473,0,0,1,0,1,0,0,0,1,0,1,0
474,1,1,1,0,1,0,0,0,1,1,1,1
475,1,0,0,0,0,1,0,1,0,0,1,0
476,0,1,1,1,1,0,0,0,1,1,1,1
477,0,0,1,1,1,0,1,0,1,0,1,1
478,0,0,0,0,0,1,1,0,1,0,1,0
479,1,0,0,0,1,0,1,0,0,1,1,0
480,1,0,0,0,1,0,1,1,1,1,1,1
481,1,0,1,1,1,0,1,1,0,1,1,1
482,1,0,0,0,1,1,1,1,1,1,1,1
483,1,0,1,1,0,1,0,1,0,0,1,1
484,1,1,1,1,0,0,0,1,0,0,1,1
485,0,1,1,1,0,0,1,1,1,1,1,1
486,1,1,0,1,1,0,0,1,1,0,1,1
487,0,0,1,1,1,0,1,0,1,1,1,1
488,0,0,1,0,0,1,0,0,0,1,1,0
489,0,1,0,0,0,0,1,0,0,1,1,0
490,0,1,0,1,0,0,1,0,1,0,1,0
491,0,0,1,1,0,0,1,1,0,1,1,1
492,0,0,1,0,0,0,1,1,0,0,1,0
493,0,1,1,1,0,0,0,0,0,0,1,0
494,1,0,0,0,0,0,0,1,1,1,1,0
495,1,1,1,1,1,1,1,0,0,1,1,1
496,1,0,1,1,1,0,0,1,0,1,1,1
497,1,1,0,0,0,1,1,1,0,0,1,1
498,0,0,0,0,0,1,0,0,1,1,1,0
499,0,1,0,1,0,1,1,0,0,1,1,1
500,0,1,1,1,1,1,1,1,1,1,1,1
501,0,0,0,1,1,0,0,0,1,0,1,0
502,0,1,1,1,0,0,1,1,0,1,1,1
503,1,1,0,1,1,0,0,0,0,0,1,0
504,1,0,0,0,1,0,0,0,1,0,1,0
505,0,1,0,0,0,0,0,1,0,1,1,0
506,0,0,0,0,1,1,1,0,1,0,1,0
507,0,1,0,1,1,0,1,1,0,1,1,1
508,1,0,1,0,1,0,0,0,0,0,1,0
509,1,1,1,1,1,0,1,1,1,1,1,1
510,1,1,0,0,0,1,0,0,1,0,1,0
511,0,1,1,1,0,0,1,1,0,0,1,1
512,1,0,0,0,1,0,0,0,0,1,1,0
513,0,1,1,0,0,1,1,0,1,0,1,1
514,1,0,1,1,0,0,0,1,0,1,1,1
515,0,1,0,0,0,0,1,0,1,0,1,0
516,0,0,1,1,1,1,1,0,0,0,1,1
517,0,1,0,0,0,1,0,0,1,1,1,0
518,0,0,1,0,0,1,1,1,1,1,1,1
519,0,1,1,1,0,1,1,1,0,0,1,1
520,1,1,0,0,0,1,1,0,0,1,1,1
521,0,1,1,0,1,1,1,0,1,0,1,1
522,0,1,0,1,1,1,0,0,0,1,1,1
523,0,1,0,1,1,0,0,1,1,0,1,1
524,0,0,1,1,1,0,0,0,0,0,1,0
525,1,0,1,1,1,1,1,0,1,1,1,1
526,0,0,0,0,1,0,1,0,1,1,1,0
527,1,0,1,1,0,0,0,1,0,0,1,0
528,0,1,0,0,1,0,1,1,0,1,1,1
529,0,1,0,0,1,1,1,0,0,1,1,1
530,1,0,0,1,1,1,0,0,0,1,1,1
531,1,1,1,0,0,0,0,0,0,0,1,0
532,0,0,1,1,1,1,0,0,0,0,1,0
533,1,1,0,0,1,1,0,1,0,0,1,1
534,0,1,0,1,0,0,0,1,0,1,1,0
535,0,0,0,1,1,0,1,1,0,1,1,1
536,0,1,0,0,1,1,1,1,0,0,1,1
537,0,1,0,1,0,0,1,1,1,0,1,1
538,0,1,0,0,0,1,0,1,1,0,1,0
539,0,0,0,0,0,1,0,0,1,0,1,0
540,1,1,0,0,1,1,1,1,0,0,1,1
541,0,1,1,1,1,1,1,0,1,0,1,1
542,1,0,1,1,0,0,1,1,0,0,1,1
543,1,0,1,0,1,0,0,0,1,0,1,0
544,1,1,1,1,1,0,0,1,1,1,1,1
545,0,1,0,0,1,1,1,1,1,1,1,1
546,0,1,0,1,1,0,1,1,1,0,1,1
547,0,1,0,1,0,0,0,1,1,0,1,0
548,1,0,1,0,0,0,0,1,0,0,1,0
549,0,1,1,0,1,0,0,1,0,1,1,1
550,1,0,0,0,1,0,1,0,1,0,1,0
551,1,0,1,0,0,0,0,0,0,1,1,0
552,1,0,0,0,0,0,1,0,1,0,1,0
553,1,0,1,0,1,0,0,1,0,1,1,1
554,0,0,1,0,1,0,0,1,1,1,1,1
555,0,1,1,0,1,0,0,1,1,0,1,1
556,1,1,1,1,0,0,1,0,1,1,1,1
557,0,0,0,0,0,0,1,1,0,0,1,0
558,1,0,0,0,1,0,1,0,1,1,1,1
559,0,0,0,0,0,1,0,1,1,1,1,0
560,1,0,1,1,1,0,0,0,0,0,1,0
561,0,0,0,1,1,1,1,1,1,1,1,1
562,0,1,1,1,1,1,0,0,0,0,1,1
563,1,0,1,1,1,1,1,1,1,0,1,1
564,1,0,0,0,1,1,1,0,1,0,1,1
565,1,0,0,1,0,0,1,0,1,1,1,1
566,1,1,1,0,1,1,0,0,1,1,1,1
567,1,1,0,0,0,1,1,0,1,1,1,1
568,1,0,0,0,0,1,0,0,0,0,1,0
569,0,1,0,1,1,0,0,1,0,1,1,1
570,0,0,0,1,0,0,1,1,1,1,1,1
571,1,0,1,1,0,0,0,0,1,1,1,1
572,1,1,1,0,0,0,0,1,0,0,1,0
573,1,0,1,0,1,1,1,0,1,0,1,1
574,1,0,1,0,1,0,1,0,1,0,1,1
575,1,1,0,1,1,0,1,1,0,1,1,1
576,1,1,0,1,1,1,1,1,1,1,1,1
577,0,0,1,1,1,1,0,0,1,0,1,1
578,1,1,1,0,1,0,0,1,1,0,1,1
579,1,1,0,1,1,0,0,0,1,1,1,1
580,0,1,1,0,0,0,1,0,0,0,1,0
581,0,1,1,1,1,0,1,0,1,1,1,1
582,1,0,0,1,0,0,1,1,0,0,1,0
583,1,0,0,1,1,0,1,0,1,0,1,1
584,0,0,0,1,0,0,0,0,1,0,1,0
585,1,1,0,1,1,1,1,1,0,0,1,1
586,0,0,1,0,1,1,0,0,1,0,1,0
587,0,1,0,0,0,0,1,1,0,1,1,0
588,1,0,1,0,0,1,1,1,1,0,1,1
589,1,1,0,1,0,1,0,0,0,0,1,0
590,1,0,1,1,0,0,0,1,1,1,1,1
591,0,0,0,0,1,1,0,0,0,1,1,0
592,0,0,0,0,1,1,0,0,1,0,1,0
593,1,1,0,0,0,0,0,0,1,0,1,0
594,1,1,0,1,0,1,0,1,1,1,1,1
595,1,1,0,0,1,1,0,1,0,1,1,1
596,1,0,0,0,1,1,0,1,0,0,1,0
597,1,0,1,0,1,0,0,0,0,1,1,0
598,0,0,1,1,0,1,0,1,0,1,1,1
599,1,1,1,1,0,0,1,1,1,0,1,1
600,1,0,0,1,0,1,0,0,1,1,1,1
601,0,1,0,1,1,0,1,1,0,0,1,1
602,0,1,0,0,1,1,1,0,0,0,1,0
603,1,0,0,0,1,0,1,1,1,0,1,1
604,0,1,0,0,1,0,1,0,1,1,1,1
605,0,0,0,0,1,0,0,0,1,0,1,0
606,1,0,1,1,0,0,1,1,1,0,1,1
607,0,1,0,1,0,0,0,1,1,1,1,1
608,0,0,1,0,0,1,0,1,0,1,1,0
609,1,1,0,0,0,0,1,0,1,1,1,1
610,1,1,0,1,1,0,1,1,0,0,1,1
611,0,1,1,1,0,0,1,0,0,1,1,1
612,1,0,1,0,0,1,0,0,1,0,1,0
613,0,0,0,0,0,0,1,1,1,1,1,0
614,1,1,1,1,0,0,0,1,0,1,1,1
615,0,0,0,1,1,1,0,0,0,0,1,0
616,1,0,0,1,0,0,0,0,1,0,1,0
617,0,1,0,1,0,1,1,0,1,1,1,1
618,1,1,0,0,0,1,0,1,0,1,1,1
619,1,1,0,1,0,0,0,0,0,1,1,0
620,1,0,0,1,1,0,0,0,0,1,1,0
621,0,0,1,0,1,0,0,0,0,1,1,0
622,0,0,0,1,0,1,0,1,0,1,1,0
623,1,1,0,1,0,1,1,0,0,0,1,1
624,0,1,0,0,0,0,0,0,1,1,1,0
625,0,0,1,1,0,0,0,0,1,1,1,0
626,0,1,1,1,0,1,0,0,1,0,1,1
627,0,1,0,0,0,0,0,0,0,1,1,0
628,1,1,0,1,0,1,1,0,0,1,1,1
629,0,1,1,0,1,0,1,0,1,0,1,1
630,1,1,0,1,1,1,1,0,0,1,1,1
631,0,0,1,1,1,0,1,0,0,0,1,0
632,1,0,1,0,0,0,1,0,0,1,1,0
633,1,0,1,1,0,1,1,1,0,1,1,1
634,1,1,0,1,0,1,1,1,1,0,1,1
635,0,0,1,0,1,0,1,1,1,0,1,1
636,0,0,1,1,0,0,0,1,0,1,1,0
637,1,0,0,1,1,1,1,1,0,1,1,1
638,1,0,1,0,1,0,1,1,1,0,1,1
639,1,1,0,0,0,1,0,0,1,1,1,1
640,0,0,0,0,1,0,1,0,0,0,1,0
641,0,1,1,1,0,1,0,1,0,0,1,1
642,1,1,1,0,0,1,0,0,1,0,1,1
643,1,0,0,0,0,1,0,1,1,0,1,0
644,1,0,0,1,1,1,0,1,0,1,1,1
645,0,0,0,1,1,1,0,0,1,1,1,1
646,0,0,0,0,1,0,0,1,1,0,1,0
647,0,0,1,1,1,0,0,1,0,1,1,1
648,0,1,1,0,1,0,1,0,1,1,1,1
649,1,0,1,1,0,1,1,0,0,1,1,1
650,1,0,0,0,0,0,0,1,0,0,1,0
651,1,1,1,1,0,1,0,1,0,0,1,1
652,0,1,0,0,1,0,1,0,0,1,1,0
653,0,0,0,0,1,0,1,0,1,0,1,0
654,1,0,1,1,0,1,1,1,1,0,1,1
655,1,0,0,1,0,1,0,0,0,0,1,0
656,1,1,1,0,1,0,0,1,0,1,1,1
657,0,0,1,1,0,1,1,1,0,1,1,1
658,0,0,0,0,1,0,1,0,0,1,1,0
659,0,0,0,0,0,1,1,1,1,0,1,0
660,1,1,0,0,0,1,1,1,0,1,1,1
661,0,0,0,1,0,0,0,1,0,0,1,0
662,1,1,1,1,1,1,0,0,1,1,1,1
663,0,0,0,1,1,1,1,0,0,1,1,1
664,0,0,0,0,1,0,0,1,1,1,1,0
665,0,0,0,0,0,0,1,0,1,1,1,0
666,0,0,0,0,1,0,0,1,0,1,1,0
667,0,1,0,0,0,0,0,0,1,0,1,0
668,0,1,1,1,1,0,1,1,0,1,1,1
669,0,1,1,0,0,0,0,0,1,0,1,0
670,1,1,1,0,0,0,1,0,0,0,1,0
671,0,1,0,0,0,1,0,1,0,1,1,0
672,0,0,0,0,1,1,0,1,0,0,1,0
673,1,0,1,0,1,1,0,0,0,1,1,1
674,1,0,1,1,1,1,0,1,0,1,1,1
675,1,1,0,0,0,0,0,0,0,1,1,0
676,0,0,0,0,0,0,0,1,0,0,1,0
677,1,0,1,0,0,0,0,0,1,0,1,0
678,1,1,1,1,0,0,0,0,1,1,1,1
679,0,1,0,1,0,0,0,0,1,0,1,0
680,1,0,0,0,1,1,0,1,0,1,1,1
681,0,0,0,1,0,1,1,1,0,1,1,1
682,1,0,1,0,0,0,0,1,0,1,1,0
683,1,0,1,0,1,0,1,0,1,1,1,1
684,1,1,0,1,1,0,1,0,1,1,1,1
685,0,1,0,0,1,1,1,1,1,0,1,1
686,0,0,0,1,1,0,1,1,0,0,1,0
687,0,0,0,1,0,0,1,1,1,0,1,0
688,0,0,1,1,1,1,1,1,0,0,1,1
689,0,1,1,0,0,0,0,1,1,0,1,0
690,1,0,0,0,0,0,1,0,0,1,1,0
691,1,1,1,0,0,0,1,0,1,0,1,1
692,0,1,1,1,0,1,1,0,0,1,1,1
693,0,0,0,1,0,0,0,1,1,1,1,0
694,1,0,1,1,1,0,0,1,1,0,1,1
695,0,0,1,0,1,0,1,0,0,0,1,0
696,1,1,0,1,1,1,1,1,1,0,1,1
697,1,0,0,0,1,0,1,1,0,0,1,0
698,0,0,0,0,1,1,1,1,0,1,1,1
699,0,0,1,1,0,1,0,0,0,0,1,0
700,0,0,1,1,1,0,0,1,1,1,1,1
701,0,0,0,0,0,1,1,0,0,1,1,0
702,1,1,0,1,1,1,1,0,1,0,1,1
703,0,0,0,1,0,0,1,0,1,0,1,0
704,0,0,1,1,0,0,0,0,0,0,1,0
705,0,0,1,0,0,0,0,1,1,1,1,0
706,1,0,1,0,0,0,1,1,1,1,1,1
707,0,0,0,1,0,0,1,0,1,1,1,0
708,1,0,0,1,1,1,0,1,0,0,1,1
709,0,1,1,1,0,0,0,1,0,1,1,1
710,1,1,1,0,1,0,0,1,1,1,1,1
711,1,1,1,0,1,1,0,0,0,0,1,1
712,1,1,1,1,1,0,0,0,0,1,1,1
713,1,0,1,1,0,1,0,1,1,0,1,1
714,0,1,1,1,0,1,0,0,0,1,1,1
715,1,0,0,1,1,1,1,1,1,0,1,1
716,1,1,0,0,1,0,0,0,1,0,1,0
717,1,1,1,0,1,1,0,1,0,0,1,1
718,1,1,0,0,0,1,0,1,1,1,1,1
719,1,1,0,1,1,0,1,0,0,1,1,1
720,1,1,1,1,0,1,1,0,1,1,1,1
721,0,1,1,0,0,1,1,1,1,1,1,1
722,0,0,1,1,1,0,0,0,1,0,1,0
723,0,0,0,1,0,0,0,1,0,1,1,0
724,0,1,0,0,0,0,0,1,1,1,1,0
725,1,0,0,0,0,0,1,0,0,0,1,0
726,0,1,1,1,0,0,1,0,1,0,1,1
727,1,0,0,1,0,1,1,0,1,0,1,1
728,1,1,1,1,1,1,0,1,0,1,1,1
729,1,1,1,1,1,0,1,0,1,1,1,1
730,1,0,1,1,1,1,0,1,1,1,1,1
731,0,0,1,0,1,0,0,0,1,1,1,0
732,1,1,1,1,0,1,0,1,1,0,1,1
733,0,1,1,1,1,0,1,0,1,0,1,1
734,0,0,0,0,0,0,0,0,0,0,1,0
735,1,1,0,0,1,1,1,1,1,1,1,1
736,0,0,1,0,1,0,0,1,0,0,1,0
737,1,1,0,0,1,1,0,0,0,0,1,0
738,0,0,0,0,0,0,1,0,1,0,1,0
739,0,0,0,0,0,1,1,1,1,1,1,1
740,1,1,1,1,1,1,0,1,1,1,1,1
741,1,1,1,0,1,1,1,1,1,0,1,1
742,1,1,1,0,1,1,0,0,1,0,1,1
743,0,1,0,1,1,0,0,0,1,1,1,1
744,1,0,0,1,1,0,0,0,1,0,1,0
745,0,1,1,0,0,1,1,0,0,0,1,0
746,1,1,0,1,1,0,1,1,1,0,1,1
747,1,0,1,0,0,0,1,1,0,0,1,0
748,0,1,1,1,1,1,0,1,0,0,1,1
749,0,0,1,0,1,1,0,0,0,0,1,0
750,1,0,0,0,1,0,0,1,0,1,1,0
751,0,0,1,0,1,0,0,1,1,0,1,0
752,0,0,0,1,0,1,0,0,1,1,1,0
753,0,0,0,0,1,1,1,0,0,1,1,0
754,0,0,0,0,0,0,1,0,0,1,1,0
755,0,0,1,0,0,0,1,0,1,1,1,0
756,1,1,0,1,0,1,0,1,0,0,1,1
757,0,1,0,1,0,0,1,1,0,1,1,1
758,1,0,0,0,1,1,1,1,0,1,1,1
759,1,1,1,1,1,0,0,1,0,0,1,1
760,0,0,1,0,0,0,1,0,1,0,1,0
761,0,0,1,0,0,1,1,0,0,1,1,0
762,1,0,1,0,0,1,1,0,1,0,1,1
763,1,0,0,0,0,1,0,1,0,1,1,0
764,1,0,1,1,1,0,0,0,1,1,1,1
765,0,1,0,0,0,1,1,1,1,1,1,1
766,1,1,0,1,1,1,0,1,0,1,1,1
767,0,1,1,0,1,0,0,1,1,1,1,1
768,0,1,0,0,0,1,1,1,1,0,1,1
769,1,1,1,1,0,0,0,0,0,1,1,1
770,0,1,0,1,1,1,1,1,1,0,1,1
771,0,1,1,0,0,0,1,1,1,0,1,1
772,0,0,0,0,0,1,1,0,0,0,1,0
773,1,0,0,0,1,1,0,0,1,0,1,0
774,1,0,1,1,0,1,1,1,1,1,1,1
775,0,0,0,1,1,1,0,0,0,1,1,0
776,0,1,1,0,1,1,0,0,1,0,1,1
777,0,1,0,0,0,0,1,1,1,1,1,1
778,0,0,1,0,0,1,0,0,1,0,1,0
779,0,0,0,1,0,1,0,1,1,1,1,1
780,0,1,1,0,0,0,0,0,0,1,1,0
781,0,0,1,0,0,1,1,0,1,1,1,1
782,1,0,0,0,1,1,1,0,1,1,1,1
783,1,1,0,1,1,1,1,0,0,0,1,1
784,1,0,0,0,1,1,1,0,0,0,1,0
785,0,0,0,0,1,1,1,1,1,1,1,1
786,1,1,1,1,0,1,1,0,1,0,1,1
787,1,0,0,1,1,0,1,1,1,0,1,1
788,1,0,1,1,0,1,0,1,0,1,1,1
789,0,0,1,1,1,0,1,1,0,0,1,1
790,0,1,1,1,0,1,1,1,1,0,1,1
791,1,1,0,1,1,1,0,0,0,1,1,1
792,0,0,0,1,1,0,1,0,1,0,1,0
793,0,1,0,0,1,1,1,1,0,1,1,1
794,1,1,0,1,0,0,0,0,1,1,1,1
795,1,0,1,1,1,1,1,1,0,0,1,1
796,1,0,1,1,1,1,1,0,0,1,1,1
797,1,1,1,0,1,1,1,0,0,0,1,1
798,0,1,1,1,0,0,0,1,1,1,1,1
799,1,1,1,0,0,1,1,1,1,1,1,1
800,1,1,0,1,0,1,0,1,0,1,1,1
801,1,1,0,0,1,1,1,0,0,1,1,1
802,0,0,0,0,1,0,0,0,0,0,1,0
803,0,1,1,0,1,0,1,0,0,1,1,1
804,1,1,1,1,1,0,0,0,1,0,1,1
805,1,1,1,0,0,0,0,0,0,1,1,0
806,0,0,1,0,1,0,1,0,1,1,1,1
807,1,1,0,0,1,1,0,0,1,1,1,1
808,1,0,0,1,1,1,0,0,0,0,1,0
809,1,0,1,0,1,0,1,1,1,1,1,1
810,1,0,0,0,0,1,0,0,0,1,1,0
811,0,0,0,1,1,0,1,0,0,1,1,0
812,0,1,0,0,1,1,0,0,0,0,1,0
813,1,1,1,1,1,0,1,1,1,0,1,1
814,1,0,1,1,1,0,0,0,0,1,1,1
815,1,0,0,1,1,0,0,0,0,0,1,0
816,0,0,0,1,0,1,1,1,1,1,1,1
817,1,0,1,0,1,0,0,0,1,1,1,1
818,1,0,0,1,1,0,1,0,1,1,1,1
819,1,1,1,1,1,1,1,0,1,0,1,1
820,1,1,1,1,1,1,1,1,0,0,1,1
821,1,0,1,0,0,0,0,1,1,0,1,0
822,0,1,0,0,0,1,0,0,0,0,1,0
823,1,0,1,0,0,0,0,0,1,1,1,0
824,0,0,1,0,1,1,1,1,0,0,1,1
825,0,1,1,0,1,0,0,0,0,1,1,0
826,1,0,1,0,0,1,0,1,1,0,1,1
827,1,0,0,1,1,0,0,1,0,1,1,1
828,1,0,0,1,0,1,0,0,0,1,1,0
829,0,1,0,0,1,0,0,1,0,0,1,0
830,1,1,1,0,0,1,0,1,1,1,1,1
831,1,0,1,1,1,0,0,1,1,1,1,1
832,1,0,0,1,0,0,1,0,0,0,1,0
833,1,1,1,1,0,1,1,1,1,0,1,1
834,0,1,0,1,1,0,0,0,0,0,1,0
835,1,0,1,1,0,1,1,0,0,0,1,1
836,0,1,0,1,0,1,0,0,1,1,1,1
837,1,1,1,1,1,1,0,1,1,0,1,1
838,0,0,0,0,1,1,1,1,0,0,1,0
839,1,1,0,0,1,1,1,1,1,0,1,1
840,0,1,0,1,1,0,1,0,1,1,1,1
841,1,1,0,1,0,1,0,0,1,1,1,1
842,1,1,0,0,0,1,0,1,0,0,1,0
843,1,1,0,0,1,0,1,0,1,0,1,1
844,1,1,0,1,0,1,1,1,1,1,1,1
845,1,1,1,1,1,1,0,0,0,0,1,1
846,0,1,1,1,1,1,0,1,0,1,1,1
847,0,1,0,0,0,1,0,1,0,0,1,0
848,1,0,0,1,0,1,1,0,0,1,1,1
849,0,0,0,0,1,0,1,1,0,0,1,0
850,1,0,1,0,0,0,1,0,1,0,1,0
851,0,0,0,1,1,1,0,0,1,0,1,0
852,0,0,1,0,0,0,1,0,0,1,1,0
853,0,0,0,1,1,0,0,1,1,0,1,0
854,1,0,0,1,1,1,1,1,1,1,1,1
855,1,1,0,1,1,0,1,0,1,0,1,1
856,0,1,0,0,0,1,0,0,0,1,1,0
857,0,1,1,1,0,1,0,0,1,1,1,1
858,0,1,1,1,1,1,1,0,1,1,1,1
859,1,0,1,1,1,0,0,0,1,0,1,1
860,0,1,0,0,1,0,0,0,1,1,1,0
861,1,1,1,1,0,0,0,1,1,0,1,1
862,1,0,1,1,0,0,1,0,0,0,1,0
863,0,1,0,1,1,1,0,1,0,1,1,1
864,1,0,0,1,1,1,1,0,0,0,1,1
865,0,1,1,0,1,0,1,1,0,0,1,1
866,1,1,0,1,1,0,1,0,0,0,1,1
867,1,1,0,0,0,0,1,0,1,0,1,0
868,0,1,0,0,1,0,0,1,0,1,1,0
869,1,1,1,1,1,1,1,1,1,0,1,1
870,0,1,0,1,1,1,0,1,0,0,1,1
871,0,0,1,1,1,0,0,1,0,0,1,0
872,0,1,1,0,0,0,0,1,0,0,1,0
873,1,0,1,1,0,0,0,0,1,0,1,0
874,1,0,1,0,0,0,1,0,0,0,1,0
875,1,1,1,1,1,1,0,0,1,0,1,1
876,1,1,0,0,1,0,0,1,1,1,1,1
877,0,1,1,1,1,0,1,1,1,1,1,1
878,0,0,0,1,1,1,1,0,1,0,1,1
879,1,0,1,1,1,1,0,0,1,1,1,1
880,1,0,0,0,0,1,0,1,1,1,1,1
881,0,0,1,0,1,1,0,1,0,0,1,0
882,0,1,0,0,1,1,1,0,1,1,1,1
883,0,1,1,0,1,1,0,1,1,0,1,1
884,1,0,0,1,0,1,0,1,0,1,1,1
885,0,0,0,0,1,1,1,0,1,1,1,1
886,0,0,0,1,0,0,0,0,1,1,1,0
887,0,0,0,1,0,1,0,1,0,0,1,0
888,1,1,1,1,1,1,1,0,0,0,1,1
889,1,1,1,0,1,1,1,1,0,0,1,1
890,1,1,0,1,0,0,0,1,0,0,1,0
891,1,0,1,1,0,0,1,1,0,1,1,1
892,0,1,0,0,1,0,0,0,0,1,1,0
893,1,0,0,1,1,0,0,1,1,0,1,1
894,1,1,0,0,0,0,0,0,0,0,1,0
895,1,1,0,0,1,1,0,1,1,1,1,1
896,1,1,0,0,1,0,1,0,0,0,1,0
897,0,1,0,1,0,0,0,1,0,0,1,0
898,0,0,1,1,0,1,1,0,1,1,1,1
899,1,1,0,0,0,0,0,0,1,1,1,0
900,0,1,1,1,1,1,0,0,0,1,1,1
901,0,1,0,0,1,0,0,1,1,0,1,0
902,0,0,1,0,0,0,0,0,0,0,1,0
903,0,0,0,1,0,1,1,0,1,0,1,0
904,0,1,1,1,0,0,0,0,0,1,1,0
905,1,0,1,0,0,1,1,0,0,1,1,1
906,1,0,0,0,0,1,1,0,0,1,1,0
907,1,1,0,1,0,1,1,0,1,0,1,1
908,0,1,0,1,1,1,0,0,0,0,1,0
909,0,1,1,1,1,0,1,1,1,0,1,1
910,0,0,1,1,0,0,0,0,0,1,1,0
911,0,0,1,0,1,1,1,0,1,0,1,1
912,1,1,0,0,1,0,0,0,1,1,1,1
913,1,0,0,0,0,0,0,0,1,1,1,0
914,1,0,1,1,0,0,1,0,1,0,1,1
915,0,0,0,1,0,1,1,0,0,0,1,0
916,1,1,1,0,0,1,1,1,0,1,1,1
917,1,0,0,0,0,0,0,0,1,0,1,0
918,1,0,1,0,1,0,1,1,0,1,1,1
919,0,0,1,0,1,1,0,1,1,0,1,1
920,0,0,0,1,1,1,0,1,0,1,1,1
921,1,1,0,0,0,0,0,1,0,0,1,0
922,0,0,1,0,0,1,1,1,1,0,1,1
923,1,1,0,1,0,0,1,1,0,1,1,1
924,0,1,1,0,1,0,1,0,0,0,1,0
925,0,1,0,1,1,0,0,0,1,0,1,0
926,1,0,1,1,0,1,0,0,0,0,1,0
927,0,0,0,1,1,0,1,1,1,0,1,1
928,0,1,0,0,0,1,1,0,0,1,1,0
929,0,1,0,0,1,1,1,0,1,0,1,1
930,0,0,1,1,0,0,1,1,1,0,1,1
931,1,1,1,1,1,0,1,0,0,0,1,1
932,1,1,1,0,0,1,0,1,0,0,1,1
933,1,1,1,0,1,0,0,0,0,1,1,1
934,0,0,1,0,0,0,0,1,1,0,1,0
935,0,0,0,0,0,0,1,1,1,0,1,0
936,1,0,0,1,0,1,1,0,0,0,1,0
937,0,0,1,0,0,0,1,0,0,0,1,0
938,1,0,1,0,1,0,1,1,0,0,1,1
939,0,0,1,1,0,1,0,1,1,0,1,1
940,0,1,0,0,0,1,1,1,0,0,1,0
941,0,0,1,1,0,1,1,0,0,0,1,0
942,1,1,1,0,0,0,1,1,0,0,1,1
943,0,1,0,0,1,1,0,1,0,1,1,1
944,1,0,1,0,0,1,1,0,0,0,1,0
945,0,1,1,1,1,0,0,1,0,0,1,1
946,0,0,1,1,0,0,1,0,0,1,1,0
947,1,1,1,1,1,0,1,1,0,1,1,1
948,0,1,0,0,0,1,0,0,1,0,1,0
949,1,0,0,1,0,0,1,1,1,1,1,1
950,0,1,0,1,0,1,0,0,1,0,1,0
951,0,1,0,1,1,1,1,0,0,1,1,1
952,0,0,0,0,1,1,0,1,1,0,1,0
953,1,1,1,0,0,1,1,0,1,0,1,1
954,0,0,1,1,1,1,0,1,1,1,1,1
955,0,0,0,0,0,0,1,0,0,0,1,0
956,1,1,0,1,1,1,0,1,1,0,1,1
957,0,1,1,1,1,1,0,1,1,0,1,1
958,0,1,0,0,1,1,0,1,1,1,1,1
959,0,1,0,1,1,0,1,0,0,0,1,0
960,1,0,1,0,1,1,1,0,0,0,1,1
961,1,1,0,1,0,1,0,0,1,0,1,1
962,1,1,0,0,1,1,1,1,0,1,1,1
963,1,1,1,0,1,1,1,0,1,0,1,1
964,0,1,0,1,0,1,0,1,1,1,1,1
965,0,0,1,0,1,1,0,1,1,1,1,1
966,0,0,0,1,1,1,0,1,1,0,1,1
967,0,1,0,0,0,1,0,1,1,1,1,1
968,1,1,0,0,1,0,0,1,0,0,1,0
969,1,1,0,1,1,0,1,1,1,1,1,1
970,0,0,1,0,1,0,0,0,0,0,1,0
971,0,1,0,0,1,0,0,1,1,1,1,1
972,0,0,0,1,0,0,0,0,0,1,1,0
973,1,0,0,1,0,0,1,1,0,1,1,1
974,1,0,0,1,0,1,1,1,0,0,1,1
975,0,1,1,1,0,1,0,1,1,1,1,1
976,0,1,0,1,0,1,1,1,1,1,1,1
977,0,0,1,1,0,1,1,0,1,0,1,1
978,0,1,0,1,1,1,1,0,1,0,1,1
979,1,1,0,0,1,0,1,0,0,1,1,1
980,0,1,0,0,0,0,0,1,1,0,1,0
981,1,1,0,1,1,1,0,0,0,0,1,1
982,0,1,1,1,0,0,0,0,1,0,1,0
983,1,1,1,0,1,1,1,0,1,1,1,1
984,1,0,0,0,0,1,1,0,1,0,1,0
985,1,1,0,0,1,1,0,0,0,1,1,1
986,1,1,0,0,1,0,0,1,1,0,1,1
987,0,1,0,1,1,0,0,1,0,0,1,0
988,0,1,1,0,0,0,1,1,0,0,1,0
989,1,0,0,0,1,1,0,0,1,1,1,1
990,0,0,0,0,0,1,0,0,0,1,1,0
991,1,0,1,0,1,1,1,1,1,1,1,1
992,1,1,1,0,1,1,0,0,0,1,1,1
993,0,1,1,0,1,0,1,1,1,1,1,1
994,0,0,1,1,0,1,0,1,1,1,1,1
995,1,1,0,1,0,0,1,1,1,1,1,1
996,1,1,1,1,0,0,1,1,0,1,1,1
997,0,0,1,1,0,1,0,0,0,1,1,0
998,0,1,1,1,0,0,0,0,1,1,1,1
999,1,1,0,1,0,1,1,0,1,1,1,1
1000,1,0,1,0,0,0,0,1,1,1,1,1
1001,1,1,1,0,1,0,1,0,0,0,1,1
1002,1,1,0,0,0,0,1,1,1,0,1,1
1003,1,0,0,0,0,0,1,1,0,1,1,0
1004,1,0,1,0,1,1,1,0,0,1,1,1
1005,1,1,1,0,1,1,1,1,1,1,1,1
1006,0,0,0,1,1,0,1,0,0,0,1,0
1007,0,0,1,0,0,1,0,0,0,0,1,0
1008,0,1,1,1,0,1,1,1,0,1,1,1
1009,1,1,0,0,0,0,0,1,1,1,1,1
1010,1,0,1,1,0,0,1,0,1,1,1,1
1011,0,0,1,0,0,0,1,1,1,1,1,1
1012,1,1,1,1,1,0,0,1,0,1,1,1
1013,1,1,1,1,1,0,1,1,0,0,1,1
1014,1,1,1,1,0,0,1,1,0,0,1,1
1015,0,1,1,0,0,1,0,1,1,1,1,1
1016,0,1,1,1,1,0,1,0,0,0,1,1
1017,0,1,1,0,1,1,1,1,0,0,1,1
1018,0,0,0,0,1,0,1,1,0,1,1,0
1019,0,0,0,1,1,1,1,1,1,0,1,1
1020,1,1,1,1,0,1,1,1,0,1,1,1
1021,0,1,0,0,0,0,0,0,0,0,1,0
1022,1,1,0,0,1,0,1,0,1,1,1,1
1023,1,0,1,1,0,0,1,1,1,1,1,1
1024,0,0,0,1,0,0,1,0,0,1,1,0